### THESE REDIRECTS ARE HANDLED BY CLOUDFLARE PAGES, SEE DOC FOR DETAILS ###
### https://developers.cloudflare.com/pages/configuration/redirects/ ###

## Redirect from initial path used in product
/integrations/builtin/cluster-nodes/sub-nodes/n8n-nodes-langchain.mcpclienttool/ /integrations/builtin/cluster-nodes/sub-nodes/n8n-nodes-langchain.toolmcp/  301

## Follow up to https://github.com/n8n-io/n8n-docs/pull/3033
/enterprise-key/ /license-key/  301

## Remove item lists (hidden for over a year)
/integrations/builtin/core-nodes/n8n-nodes-base.itemlists/ /data/transforming-data/  301

## tutorials refresh

/try-it-out/longer-introduction/ /try-it-out/tutorial-first-workflow/  301

## DOC-994
/privacy-security/security/ https://n8n.io/legal/#security  301

## DOC-979
/integrations/builtin/cluster-nodes/sub-nodes/n8n-nodes-langchain.lmopenai/ /integrations/builtin/cluster-nodes/sub-nodes/n8n-nodes-langchain.lmchatopenai/  301
/integrations/builtin/cluster-nodes/sub-nodes/n8n-nodes-langchain.lmchatgooglepalm/ /integrations/builtin/cluster-nodes/sub-nodes/n8n-nodes-langchain.lmchatgooglegemini/  301
/integrations/builtin/cluster-nodes/sub-nodes/n8n-nodes-langchain.lmgooglepalm/ /integrations/builtin/cluster-nodes/sub-nodes/n8n-nodes-langchain.lmchatgooglegemini/  301

# Remove Ask AI
/hosting/configuration/environment-variables/ai/ /hosting/configuration/environment-variables/  301

## DOC-993
/faircode-license/  /sustainable-use-license/  301

# NODE-1462
/integrations/builtin/credentials/citrixadc/ /integrations/builtin/credentials/netscaleradc/  301
/integrations/builtin/app-nodes/n8n-nodes-base.citrixadc/ /integrations/builtin/app-nodes/n8n-nodes-base.netscaleradc/  301
/integrations/builtin/app-nodes/n8n-nodes-base.orbit/ /integrations/  301
/hosting/logging-monitoring/security-audit/     /hosting/securing/security-audit/  301
/integrations/builtin/core-nodes/n8n-nodes-base.start/   /integrations/builtin/core-nodes/n8n-nodes-base.manualworkflowtrigger/  301
/integrations/builtin/credentials/orbit/ /integrations/  301